par1,par2,par3
.0475568,.0831548,.0987407
-.0445387,-.0837134,-.0987778
9.282553,8.74591,8.635366
.955,.946,.955
.033,.025,.016
0,0,0
