par1,par2,par3
-.1314452,-.1314452,-.1314452
.0976603,.0976603,.0976603
11.98221,12.18198,12.34882
.901,.901,.901
.175,.156,.153
0,0,0
